{
  "args": {
    "epochs": 30,
    "lr": 0.01,
    "batch_size": 128,
    "gpu": 0,
    "seed": 42
  },
  "log": {
    "train_loss": [
      0.23858470623493194,
      0.05399466490944227,
      0.041952831000089646,
      0.033492847278217476,
      0.028963394105186065,
      0.024170542122672,
      0.020889806192368267,
      0.017845638201509913,
      0.017419961781986057,
      0.014707310727611184,
      0.01328721574768424,
      0.011869460799110432,
      0.009012221343318621,
      0.008465057274699211,
      0.00697318397226433,
      0.006208274529657016,
      0.004861982122746607,
      0.0044279642541271945,
      0.0037343762365325043,
      0.0033351648384549967,
      0.002762291239605596,
      0.0023273277033586054,
      0.0021107921124435963,
      0.0018166663380494961,
      0.001761031448918705,
      0.0019758091480626414,
      0.001639936075452715,
      0.0016016559412702918,
      0.001637426864479979,
      0.0014992684734830013
    ],
    "train_acc": [
      92.60333333333334,
      98.35666666666667,
      98.72166666666666,
      98.98166666666667,
      99.10333333333334,
      99.255,
      99.36333333333333,
      99.44,
      99.45833333333333,
      99.56166666666667,
      99.60833333333333,
      99.63666666666667,
      99.71166666666667,
      99.75,
      99.79166666666667,
      99.80333333333333,
      99.855,
      99.87833333333333,
      99.905,
      99.915,
      99.935,
      99.95666666666666,
      99.96666666666667,
      99.97166666666666,
      99.97666666666667,
      99.96666666666667,
      99.96833333333333,
      99.98,
      99.975,
      99.97833333333334
    ],
    "test_loss": [
      0.02981566972238943,
      0.036314873143611474,
      0.023807170870958363,
      0.02138394380392274,
      0.026616445074789226,
      0.030266544990311377,
      0.017563722805882573,
      0.018866694162623026,
      0.0179099169263558,
      0.018735581890441246,
      0.01849871423827717,
      0.016561143882579926,
      0.01583403073105219,
      0.015664241545734696,
      0.016301262376096203,
      0.01612725683490862,
      0.019663547551723604,
      0.015866424883651052,
      0.015062420323429979,
      0.014350068439101233,
      0.015990040184128158,
      0.017027495310239466,
      0.015601093749568098,
      0.015558918237487524,
      0.01523436820091738,
      0.015595420203514005,
      0.01508863946412348,
      0.015158345071285658,
      0.014998561858497487,
      0.014989964654732103
    ],
    "test_acc": [
      99.06,
      98.73,
      99.19,
      99.33,
      99.09,
      99.15,
      99.44,
      99.35,
      99.4,
      99.46,
      99.42,
      99.43,
      99.59,
      99.48,
      99.52,
      99.52,
      99.4,
      99.53,
      99.59,
      99.65,
      99.55,
      99.53,
      99.58,
      99.58,
      99.57,
      99.58,
      99.57,
      99.61,
      99.58,
      99.58
    ]
  },
  "best_test_acc": 99.65,
  "best_epoch": 20
}