{
  "args": {
    "epochs": 30,
    "lr": 0.001,
    "batch_size": 128,
    "noise_std": 0.3,
    "gpu": 0,
    "seed": 42,
    "mode": "both"
  },
  "results": {
    "K_list": [
      1,
      2,
      3,
      4,
      5,
      6,
      7,
      8,
      9
    ],
    "best_psnr": [
      21.94728035346559,
      23.15440796940129,
      23.425098052306666,
      23.577894942057796,
      23.620214534951725,
      23.675280383575735,
      23.705593290053713,
      23.73557692655529,
      23.74898255452433
    ],
    "total_params": [
      62300,
      68503,
      74706,
      80909,
      87112,
      93315,
      99518,
      105721,
      111924
    ]
  }
}