{
  "args": {
    "epochs": 30,
    "lr": 0.001,
    "batch_size": 128,
    "noise_std": 0.3,
    "gpu": 0,
    "seed": 42
  },
  "log": {
    "train_loss": [
      2.4964437844092343e-05,
      7.380452138517483e-06,
      6.668138619968477e-06,
      6.365927025282971e-06,
      6.1961573852720305e-06,
      6.058576644467963e-06,
      5.965672900938258e-06,
      5.9008117952086285e-06,
      5.8597559955123126e-06,
      5.821653749147544e-06,
      5.745801736670388e-06,
      5.6985683688501115e-06,
      5.6706113167436555e-06,
      5.632224356514865e-06,
      5.6187515574678475e-06,
      5.5824218368550545e-06,
      5.558366122573209e-06,
      5.551047631076911e-06,
      5.517591141658474e-06,
      5.499379865533742e-06,
      5.4774117972828495e-06,
      5.4512909223914754e-06,
      5.4480770184677475e-06,
      5.433520965189451e-06,
      5.416361806394697e-06,
      5.4140318343479216e-06,
      5.392352185294438e-06,
      5.3943670459319744e-06,
      5.392272739677506e-06,
      5.389310293799254e-06
    ],
    "train_psnr": [
      46.02678200119642,
      51.31917022376578,
      51.75995372220463,
      51.96138335933574,
      52.07877550580249,
      52.17629385164045,
      52.24340554600346,
      52.29088227977204,
      52.32120459719962,
      52.3495361894453,
      52.406493548340805,
      52.442342282021116,
      52.46370110157311,
      52.493200446331834,
      52.503601616121486,
      52.531773398516336,
      52.55052841687003,
      52.556250363440654,
      52.58250475483162,
      52.59686272624337,
      52.614245977947014,
      52.63500630467816,
      52.63756752897824,
      52.649186441840655,
      52.66292323938324,
      52.6647918586369,
      52.68221743021634,
      52.68059497622059,
      52.68228139931949,
      52.68466801551996
    ],
    "test_loss": [
      8.488396321404345e-06,
      7.268752596740212e-06,
      6.590924992663216e-06,
      6.323451015680116e-06,
      6.091087187013152e-06,
      6.011508690307335e-06,
      5.845208892750801e-06,
      5.834427752475045e-06,
      5.8199397535348425e-06,
      6.139672474403466e-06,
      5.7722198225709854e-06,
      5.689617923974078e-06,
      5.693162463567391e-06,
      5.565980486381723e-06,
      5.630245384741195e-06,
      5.580132848069984e-06,
      5.532747186834411e-06,
      5.47662645730437e-06,
      5.521299960376809e-06,
      5.467547149378426e-06,
      5.493013208199825e-06,
      5.428899730536707e-06,
      5.426259674321936e-06,
      5.406329404011521e-06,
      5.3955562327209175e-06,
      5.37308289536408e-06,
      5.3556968809618634e-06,
      5.367955313615349e-06,
      5.361234667064736e-06,
      5.3463973922236845e-06
    ],
    "test_psnr": [
      50.71174344144404,
      51.38540101817262,
      51.81053624235611,
      51.990458303149694,
      52.15305175564565,
      52.21016510618245,
      52.33199953627745,
      52.34001723090869,
      52.350815044165266,
      52.1185478735115,
      52.38657127744044,
      52.449168884216625,
      52.44646412662546,
      52.54458315639542,
      52.494726723011134,
      52.533554533082814,
      52.5705916831748,
      52.61486873278138,
      52.57958652617638,
      52.62207452698236,
      52.60189345357179,
      52.652881721764444,
      52.654994194867015,
      52.67097493437718,
      52.67963774604297,
      52.69776451893422,
      52.71183999368452,
      52.701911001535834,
      52.70735170306173,
      52.719387547025605
    ]
  },
  "best_test_psnr": 52.719387547025605,
  "best_epoch": 30
}