{
  "args": {
    "epochs": 30,
    "lr": 0.001,
    "batch_size": 128,
    "noise_std": 0.3,
    "gpu": 0,
    "seed": 42,
    "mode": "fb"
  },
  "results": {
    "K_list": [
      1,
      2,
      3,
      4,
      5,
      6
    ],
    "best_psnr": [
      21.04247681156299,
      22.641975777903703,
      23.295719992410028,
      23.498803977756936,
      23.549129423204242,
      23.71107321878889
    ],
    "total_params": [
      62273,
      68449,
      74625,
      80801,
      86977,
      93153
    ]
  }
}