{
  "K_list": [
    1,
    2,
    3,
    4,
    5,
    6,
    7,
    8,
    9
  ],
  "test_acc": [
    9.74,
    9.74,
    9.74,
    9.74,
    26.39,
    85.92,
    97.0,
    97.21,
    99.65
  ],
  "baseline_test_acc": 99.65,
  "num_conv_params": [
    34893,
    69786,
    104679,
    139572,
    174465,
    209358,
    244251,
    279144,
    314037
  ],
  "baseline_conv_params": 313632,
  "layer_explained_variance": {
    "features.0": [
      0.19391217827796936,
      0.36675825715065,
      0.5111408233642578,
      0.6331987977027893,
      0.742649495601654,
      0.8293612003326416,
      0.9004955887794495,
      0.9550027251243591,
      0.9999999403953552
    ],
    "features.4": [
      0.14955534040927887,
      0.2913430333137512,
      0.4155343472957611,
      0.5295007228851318,
      0.6351487040519714,
      0.7325345277786255,
      0.8268429040908813,
      0.9195936322212219,
      1.0
    ],
    "features.8": [
      0.14131616055965424,
      0.2776806056499481,
      0.3961566090583801,
      0.5136541128158569,
      0.6257393956184387,
      0.7234123945236206,
      0.8200604915618896,
      0.9120162129402161,
      1.0
    ],
    "features.11": [
      0.14681902527809143,
      0.2883174419403076,
      0.40912026166915894,
      0.5247788429260254,
      0.6334515810012817,
      0.7321740388870239,
      0.8246546983718872,
      0.9133903980255127,
      1.0
    ],
    "features.14": [
      0.16489052772521973,
      0.31661778688430786,
      0.43788737058639526,
      0.5525202751159668,
      0.6625824570655823,
      0.7569553852081299,
      0.8430248498916626,
      0.9247028231620789,
      0.9999999403953552
    ]
  },
  "atoms": {
    "features_conv0_atoms": [
      [
        [
          -0.47612112760543823,
          -0.26202884316444397,
          0.051632218062877655
        ],
        [
          0.31158968806266785,
          0.4238966703414917,
          0.18932363390922546
        ],
        [
          -0.5366470217704773,
          -0.3030291199684143,
          -0.09770886600017548
        ]
      ],
      [
        [
          0.2091657817363739,
          -0.26432329416275024,
          0.10522384196519852
        ],
        [
          -0.3714456856250763,
          0.015049265697598457,
          0.46466001868247986
        ],
        [
          0.1631695032119751,
          -0.22708524763584137,
          -0.6655911207199097
        ]
      ],
      [
        [
          -0.12337441742420197,
          -0.08851722627878189,
          -0.6883395314216614
        ],
        [
          0.13091833889484406,
          -0.1011272668838501,
          0.4354259669780731
        ],
        [
          -0.04787669703364372,
          0.527426540851593,
          -0.0754922479391098
        ]
      ],
      [
        [
          0.008079217746853828,
          -0.7133168578147888,
          0.19623784720897675
        ],
        [
          -0.15467555820941925,
          -0.41918277740478516,
          0.15394720435142517
        ],
        [
          -0.10631217807531357,
          0.026277881115674973,
          0.4661257266998291
        ]
      ],
      [
        [
          -0.3578093647956848,
          0.3131089210510254,
          -0.1764536201953888
        ],
        [
          0.04267183691263199,
          -0.6810532808303833,
          0.11721685528755188
        ],
        [
          -0.026513928547501564,
          -0.5096182227134705,
          -0.0546937994658947
        ]
      ],
      [
        [
          0.27015841007232666,
          0.45711925625801086,
          0.40086841583251953
        ],
        [
          0.06642080098390579,
          -0.03461681306362152,
          0.6150614619255066
        ],
        [
          -0.31607764959335327,
          0.1369916945695877,
          0.23404806852340698
        ]
      ],
      [
        [
          0.5611320734024048,
          -0.135823056101799,
          -0.3094002604484558
        ],
        [
          0.5051673650741577,
          0.10150077939033508,
          0.13075204193592072
        ],
        [
          0.1846778392791748,
          -0.4642895460128784,
          0.19670060276985168
        ]
      ],
      [
        [
          0.11774881184101105,
          -0.13838811218738556,
          0.32833120226860046
        ],
        [
          0.6239575743675232,
          -0.37535226345062256,
          -0.18233658373355865
        ],
        [
          -0.08091463148593903,
          0.2837776839733124,
          -0.45677846670150757
        ]
      ]
    ]
  }
}