{
  "args": {
    "epochs_s1": 30,
    "epochs_s2": 15,
    "lr_s1": 0.01,
    "lr_s2": 0.001,
    "batch_size": 128,
    "gpu": 0,
    "seed": 42
  },
  "results": {
    "K_list": [
      1,
      2,
      4,
      6,
      8
    ],
    "mnist_acc_s1": [
      98.96,
      99.44,
      99.57,
      99.61,
      99.64
    ],
    "pre_adapt_svhn_acc": [
      15.792102028272895,
      16.02258758451137,
      25.411032575291948,
      21.592655193607868,
      20.344191763982792
    ],
    "expB_svhn_acc": [
      68.73847572218807,
      78.79532882606023,
      81.04640442532268,
      81.68792255685311,
      81.15012292563
    ],
    "expC_svhn_acc": [
      68.6539643515673,
      87.70359557467732,
      92.39781807006761,
      92.80885064535956,
      93.3159188690842
    ]
  }
}