{
  "args": {
    "epochs": 30,
    "lr": 0.01,
    "batch_size": 128,
    "gpu": 0,
    "seed": 42
  },
  "results": {
    "K_list": [
      1,
      2,
      4,
      6,
      8
    ],
    "best_test_acc": [
      86.12861094038107,
      93.13153042409343,
      94.45682237246466,
      94.51060233558697,
      94.45298094652735
    ],
    "total_params": [
      694423,
      729316,
      799102,
      868888,
      938674
    ],
    "conv_params": [
      34893,
      69786,
      139572,
      209358,
      279144
    ]
  }
}