{
  "args": {
    "num_bases": 6,
    "epochs_per_task": 30,
    "lr": 0.001,
    "batch_size": 128,
    "gpu": 0,
    "seed": 42
  },
  "dcf_total_params": 93315,
  "baseline_total_params": 111681,
  "atom_params_per_task": 162,
  "shared_params": 93153,
  "dcf_total_memory": 93963,
  "baseline_total_memory": 558405,
  "compression_ratio": 5.942817917691006,
  "bwt_dcf": 0.0,
  "bwt_baseline": -13.4294081967177,
  "psnr_dcf": {
    "0": {
      "0": 28.8982,
      "1": 11.8617,
      "2": 22.1712,
      "3": 14.5055,
      "4": 12.1664
    },
    "1": {
      "0": 28.8982,
      "1": 17.7615,
      "2": 16.1258,
      "3": 15.4485,
      "4": 13.3185
    },
    "2": {
      "0": 28.8982,
      "1": 17.7615,
      "2": 23.1074,
      "3": 14.6534,
      "4": 12.6117
    },
    "3": {
      "0": 28.8982,
      "1": 17.7615,
      "2": 23.1074,
      "3": 19.4486,
      "4": 12.7529
    },
    "4": {
      "0": 28.8982,
      "1": 17.7615,
      "2": 23.1074,
      "3": 19.4486,
      "4": 18.4685
    }
  },
  "psnr_baseline": {
    "0": {
      "0": 28.7096,
      "1": 12.1493,
      "2": 23.3998,
      "3": 14.2639,
      "4": 12.6068
    },
    "1": {
      "0": 18.3429,
      "1": 28.2058,
      "2": 16.4989,
      "3": 16.9187,
      "4": 12.7654
    },
    "2": {
      "0": 23.8927,
      "1": 12.4216,
      "2": 29.0869,
      "3": 14.6083,
      "4": 12.2598
    },
    "3": {
      "0": 19.3233,
      "1": 10.9069,
      "2": 16.6239,
      "3": 28.6712,
      "4": 10.9778
    },
    "4": {
      "0": 17.5884,
      "1": 11.8386,
      "2": 15.1615,
      "3": 16.3674,
      "4": 28.8748
    }
  },
  "final_psnr_dcf": {
    "0": 28.8982,
    "1": 17.7615,
    "2": 23.1074,
    "3": 19.4486,
    "4": 18.4685
  },
  "final_psnr_baseline": {
    "0": 17.5884,
    "1": 11.8386,
    "2": 15.1615,
    "3": 16.3674,
    "4": 28.8748
  }
}