{
  "args": {
    "num_bases": 6,
    "epochs_per_task": 30,
    "lr": 0.001,
    "batch_size": 128,
    "gpu": 0,
    "seed": 42
  },
  "dcf_total_params": 93315,
  "baseline_total_params": 111681,
  "atom_params_per_task": 162,
  "shared_params": 93153,
  "dcf_total_memory": 93963,
  "baseline_total_memory": 558405,
  "compression_ratio": 5.942817917691006,
  "bwt_dcf": 0.0,
  "bwt_baseline": -0.0055203372831611475,
  "psnr_dcf": {
    "0": {
      "0": 28.9012,
      "1": 25.3579,
      "2": 25.4809,
      "3": 24.9842,
      "4": 24.3706
    },
    "1": {
      "0": 28.9012,
      "1": 25.4495,
      "2": 25.5044,
      "3": 25.0088,
      "4": 24.4069
    },
    "2": {
      "0": 28.9012,
      "1": 25.4495,
      "2": 25.5941,
      "3": 25.0419,
      "4": 24.4352
    },
    "3": {
      "0": 28.9012,
      "1": 25.4495,
      "2": 25.5941,
      "3": 25.3495,
      "4": 24.3292
    },
    "4": {
      "0": 28.9012,
      "1": 25.4495,
      "2": 25.5941,
      "3": 25.3495,
      "4": 24.5492
    }
  },
  "psnr_baseline": {
    "0": {
      "0": 28.7113,
      "1": 24.9629,
      "2": 25.1191,
      "3": 25.2114,
      "4": 24.2437
    },
    "1": {
      "0": 28.6266,
      "1": 28.2734,
      "2": 27.3425,
      "3": 27.0513,
      "4": 26.3296
    },
    "2": {
      "0": 29.2433,
      "1": 27.9985,
      "2": 28.8689,
      "3": 27.8398,
      "4": 27.0106
    },
    "3": {
      "0": 29.4523,
      "1": 27.9608,
      "2": 28.2951,
      "3": 29.4759,
      "4": 27.2254
    },
    "4": {
      "0": 29.6025,
      "1": 28.2835,
      "2": 28.5526,
      "3": 28.8688,
      "4": 28.564
    }
  },
  "final_psnr_dcf": {
    "0": 28.9012,
    "1": 25.4495,
    "2": 25.5941,
    "3": 25.3495,
    "4": 24.5492
  },
  "final_psnr_baseline": {
    "0": 29.6025,
    "1": 28.2835,
    "2": 28.5526,
    "3": 28.8688,
    "4": 28.564
  }
}