{
  "args": {
    "epochs_per_task": 20,
    "lr": 0.001,
    "batch_size": 128,
    "gpu": 0,
    "seed": 42
  },
  "total_params": 111681,
  "params_per_task": 111681,
  "psnr_after": {
    "0": {
      "0": 29.16233305649609,
      "1": 11.710381906479633,
      "2": 21.428371828994415
    },
    "1": {
      "0": 15.568641348184153,
      "1": 30.572766393504686,
      "2": 15.979278853457028
    },
    "2": {
      "0": 21.39080794707511,
      "1": 12.07738256165465,
      "2": 31.019122362769625
    }
  }
}