{
  "args": {
    "num_bases": 6,
    "epochs_per_task": 20,
    "lr": 0.001,
    "batch_size": 128,
    "gpu": 0,
    "seed": 42
  },
  "total_model_params": 93315,
  "shared_atom_params": 162,
  "coeff_per_task": {
    "0": 93670,
    "1": 93670,
    "2": 93670
  },
  "total_dcf_memory": 281172,
  "naive_memory": 279945,
  "compression_ratio": 0.9956361230848022,
  "psnr_after": {
    "0": {
      "0": 28.891864143189437,
      "1": 11.730853130783414,
      "2": 21.354330544315943
    },
    "1": {
      "0": 28.89186413664044,
      "1": 29.38358398149831,
      "2": 15.985084117373805
    },
    "2": {
      "0": 28.891864123542447,
      "1": 29.383584025502905,
      "2": 29.484692404015007
    }
  },
  "final_psnr": {
    "0": 28.891864143189437,
    "1": 29.383584018168808,
    "2": 29.484692389001314
  }
}